Review,Sentiment
The product quality is excellent!,positive
I am very unhappy with the service.,negative
Delivery was quick and the packaging was nice.,positive
The item arrived damaged very disappointed.,negative
This is the best purchase I have made this year!,positive
Customer support was helpful and polite.,positive
Not satisfied with the product at all.,negative
It's okay but could be better.,neutral
Average experience nothing special.,neutral
I love it! Will buy again.,positive
The colors were different than what I ordered.,negative
Quality is acceptable but shipping was slow.,neutral
Great price for the value provided.,positive
The product doesn't match the description.,negative
Decent product but the packaging needs improvement.,neutral
